bentFunc621,6,0.46084905660377357,0.4691037735849057,0.48863636363636365,0.8,"[1, 1, 0, 0, 0, 1, 0, 1, 1, 1, 0, 0, 1, 0, 0, 0, 0, 1, 1, 0, 1, 0, 0, 1, 1, 1, 0, 0, 1, 0, 1, 1, 0, 0, 1, 0, 1, 1, 1, 1, 0, 0, 0, 1, 1, 0, 0, 1, 0]"
bentFunc621,6,0.44764150943396225,0.44764150943396225,0.4981060606060606,0.8,"[0, 0, 0, 0, 1, 1, 0, 0, 1, 0, 1, 0, 1, 0, 1, 1, 1, 1, 1, 1, 1, 0, 1, 1, 1, 1, 1, 0, 0, 1, 1, 1, 0, 0, 1, 1, 1, 1, 1, 1, 0, 0, 1, 1, 0, 0, 0, 0, 0]"
bentFunc64,6,0.44268867924528305,0.44268867924528305,0.4649621212121212,0.8,"[0, 1, 1, 0, 0, 0, 1, 1, 1, 1, 1, 1, 1, 1, 1, 1, 1, 0, 0, 1, 1, 0, 0, 0, 1, 1, 1, 1, 0, 1, 1, 1, 1, 0, 1, 0, 0, 0, 1, 1, 0, 0, 1, 0, 0, 0, 1, 1, 1]"
bentFunc63,6,0.4523584905660377,0.4523584905660377,0.48390151515151514,0.8,"[1, 0, 0, 1, 1, 1, 0, 0, 0, 0, 0, 0, 0, 0, 0, 1, 1, 0, 0, 1, 1, 0, 0, 0, 1, 0, 0, 0, 1, 0, 0, 1, 1, 0, 1, 0, 0, 0, 0, 0, 1, 1, 0, 1, 1, 1, 0, 0, 0]"
bentFunc82,8,0.46696554978763566,0.46696554978763566,0.48671726755218214,0.8,"[0, 0, 0, 0, 0, 0, 0, 1, 1, 1, 1, 1, 1, 1, 0, 1, 0, 1, 0, 0, 1, 0, 0, 1, 0, 0, 1, 1, 0, 0, 0, 1, 1, 1, 0, 1, 1, 1, 0, 0, 1, 0, 0, 0, 0, 0, 1, 0, 0, 1, 1, 0, 0, 0, 1, 0, 1, 0, 0, 1, 1, 1, 1, 1, 1, 0, 0, 0, 1, 0, 0, 1, 0, 0, 1, 1, 1, 1, 1, 1, 0]"
bentFunc8_4,8,0.4561113732892874,0.4561113732892874,0.47248576850094876,0.8,"[1, 0, 1, 0, 1, 1, 1, 1, 1, 0, 1, 1, 0, 0, 0, 1, 0, 0, 1, 1, 1, 1, 0, 1, 1, 1, 1, 0, 1, 0, 1, 1, 1, 1, 1, 1, 0, 0, 0, 0, 0, 1, 1, 0, 0, 0, 1, 0, 0, 0, 1, 1, 1, 1, 0, 1, 0, 0, 0, 1, 0, 0, 0, 1, 1, 1, 0, 1, 1, 0, 0, 0, 0, 0, 0, 1, 0, 0, 0, 0, 0]"
bentFunc8_4,8,0.45280792826805094,0.45280792826805094,0.4990512333965844,0.8,"[1, 0, 1, 0, 1, 1, 1, 1, 1, 0, 1, 0, 0, 0, 0, 1, 1, 0, 1, 1, 1, 1, 0, 0, 0, 0, 1, 0, 1, 1, 1, 1, 0, 0, 1, 1, 0, 0, 0, 0, 0, 0, 1, 1, 1, 0, 0, 1, 1, 1, 1, 0, 0, 0, 1, 1, 0, 0, 1, 0, 1, 0, 1, 0, 0, 1, 1, 1, 0, 1, 1, 1, 0, 0, 0, 0, 1, 0, 0, 0, 0]"
bentFunc64,8,0.46271826333176025,0.46271826333176025,0.4952561669829222,0.8,"[0, 1, 0, 0, 1, 1, 1, 0, 1, 0, 1, 0, 1, 0, 1, 1, 1, 1, 0, 1, 0, 1, 1, 0, 1, 0, 0, 1, 1, 0, 1, 1, 0, 0, 1, 1, 0, 1, 0, 1, 0, 0, 0, 1, 1, 0, 0, 0, 0, 0, 1, 0, 1, 1, 1, 1, 0, 0, 1, 1, 1, 0, 0, 0, 0, 1, 1, 1, 0, 0, 1, 1, 1, 0, 0, 1, 0, 1, 1, 0, 1]"
bentFunc64,8,0.46271826333176025,0.46271826333176025,0.4952561669829222,0.8,"[0, 1, 0, 0, 1, 1, 1, 0, 1, 0, 1, 0, 1, 0, 1, 1, 1, 1, 0, 1, 0, 1, 1, 0, 1, 0, 0, 1, 1, 0, 1, 1, 0, 0, 1, 1, 0, 1, 0, 1, 0, 0, 0, 1, 1, 0, 0, 0, 0, 0, 1, 0, 1, 1, 1, 1, 0, 0, 1, 1, 1, 0, 0, 0, 0, 1, 1, 1, 0, 0, 1, 1, 1, 0, 0, 1, 0, 1, 1, 0, 1]"
bentFunc64,8,0.45681925436526666,0.45681925436526666,0.48671726755218214,0.8,"[0, 1, 1, 0, 1, 0, 1, 0, 0, 1, 1, 0, 1, 1, 0, 0, 1, 1, 0, 0, 1, 0, 0, 1, 1, 1, 0, 0, 0, 0, 1, 1, 1, 0, 0, 0, 0, 1, 0, 0, 1, 1, 0, 0, 0, 1, 1, 0, 0, 0, 0, 0, 0, 1, 1, 0, 1, 1, 1, 1, 1, 0, 1, 1, 0, 1, 0, 0, 1, 1, 1, 1, 0, 1, 1, 0, 1, 1, 0, 1, 1]"
bentFunc64,8,0.4561113732892874,0.4561113732892874,0.47343453510436434,0.8,"[0, 1, 1, 0, 1, 0, 1, 0, 0, 1, 1, 0, 1, 1, 0, 0, 1, 1, 0, 0, 1, 0, 0, 1, 1, 1, 0, 0, 0, 0, 1, 1, 1, 0, 0, 0, 0, 1, 0, 0, 1, 1, 0, 0, 0, 0, 0, 0, 0, 1, 1, 0, 0, 1, 0, 0, 0, 1, 1, 1, 1, 0, 1, 1, 0, 1, 0, 0, 1, 1, 1, 1, 0, 1, 1, 0, 1, 1, 0, 1, 1]"
bentFunc61,8,0.4601226993865031,0.4601226993865031,0.4781783681214421,0.8,"[1, 1, 0, 0, 1, 0, 0, 1, 0, 1, 0, 1, 1, 0, 0, 1, 1, 0, 0, 0, 1, 0, 1, 1, 0, 1, 1, 0, 0, 1, 0, 0, 0, 1, 1, 1, 1, 1, 1, 1, 1, 0, 1, 0, 0, 0, 0, 1, 1, 0, 1, 0, 1, 0, 0, 1, 0, 1, 1, 1, 1, 0, 0, 1, 0, 1, 0, 1, 0, 0, 1, 1, 0, 0, 0, 1, 0, 0, 0, 0, 0]"
bentFunc61,8,0.4601226993865031,0.4601226993865031,0.4781783681214421,0.8,"[1, 1, 0, 0, 1, 0, 0, 1, 0, 1, 0, 1, 1, 0, 0, 1, 1, 0, 0, 0, 1, 0, 1, 1, 0, 1, 1, 0, 0, 1, 0, 0, 0, 1, 1, 1, 1, 1, 1, 1, 1, 0, 1, 0, 0, 0, 0, 1, 1, 0, 1, 0, 1, 0, 0, 1, 0, 1, 1, 1, 1, 0, 0, 1, 0, 1, 0, 1, 0, 0, 1, 1, 0, 0, 0, 1, 0, 0, 0, 0, 0]"
bentFunc81,8,0.463898065125059,0.463898065125059,0.5094876660341556,0.8,"[0, 0, 1, 0, 0, 0, 1, 1, 1, 0, 1, 1, 1, 1, 1, 0, 0, 1, 1, 1, 0, 0, 1, 1, 0, 1, 1, 0, 0, 0, 1, 0, 0, 1, 1, 0, 1, 1, 1, 0, 0, 0, 0, 1, 1, 0, 0, 1, 1, 1, 0, 0, 1, 1, 0, 1, 0, 1, 1, 0, 1, 1, 1, 0, 1, 1, 0, 1, 0, 1, 1, 0, 1, 0, 1, 1, 0, 0, 1, 0, 1]"
bentFunc81,8,0.45799905615856534,0.45799905615856534,0.4905123339658444,0.8,"[0, 0, 1, 0, 0, 0, 1, 1, 1, 0, 1, 0, 0, 1, 0, 0, 0, 1, 1, 1, 1, 0, 0, 1, 0, 1, 1, 0, 0, 0, 1, 0, 0, 1, 1, 0, 1, 1, 1, 0, 0, 0, 0, 1, 1, 0, 0, 1, 1, 1, 0, 0, 1, 1, 0, 1, 0, 1, 1, 0, 1, 1, 1, 0, 1, 1, 0, 1, 0, 1, 1, 0, 1, 0, 1, 1, 0, 0, 1, 0, 1]"
bentFunc81,8,0.4667931688804554,0.4667931688804554,0.4667931688804554,0.8,"[1, 1, 0, 1, 1, 1, 0, 0, 0, 1, 0, 1, 1, 0, 1, 1, 1, 0, 0, 0, 0, 1, 1, 0, 1, 0, 0, 1, 1, 1, 0, 1, 1, 0, 0, 1, 0, 0, 0, 1, 1, 1, 1, 0, 0, 1, 0, 1, 0, 0, 1, 1, 0, 0, 1, 0, 1, 0, 0, 1, 0, 0, 0, 1, 0, 0, 1, 0, 1, 0, 0, 1, 0, 1, 0, 0, 1, 1, 0, 1, 0]"
bentFunc81,8,0.45540796963946867,0.45540796963946867,0.45540796963946867,0.8,"[0, 0, 1, 0, 0, 0, 1, 1, 1, 1, 1, 0, 1, 0, 0, 1, 1, 1, 1, 0, 0, 1, 1, 0, 0, 0, 0, 1, 1, 0, 0, 0, 0, 0, 0, 0, 0, 1, 1, 0, 0, 1, 1, 1, 0, 1, 0, 1, 0, 0, 0, 1, 0, 1, 1, 0, 0, 0, 0, 0, 0, 0, 1, 0, 1, 1, 1, 1, 0, 0, 1, 1, 0, 0, 1, 0, 0, 0, 0, 1, 1]"
bentFunc81,8,0.45540796963946867,0.45540796963946867,0.45540796963946867,0.8,"[0, 0, 1, 0, 0, 0, 1, 1, 1, 1, 1, 0, 1, 0, 0, 1, 1, 1, 1, 0, 0, 1, 1, 0, 0, 0, 0, 1, 1, 0, 0, 0, 0, 0, 0, 0, 0, 1, 1, 0, 0, 1, 1, 1, 0, 1, 0, 1, 0, 0, 0, 1, 0, 1, 1, 0, 0, 0, 0, 0, 0, 0, 1, 0, 1, 1, 1, 1, 0, 0, 1, 1, 0, 0, 1, 0, 0, 0, 0, 1, 1]"
bentFunc81,8,0.4598867390278433,0.4598867390278433,0.49146110056925996,0.8,"[1, 1, 0, 0, 0, 0, 0, 1, 0, 1, 0, 0, 1, 0, 1, 1, 0, 0, 0, 0, 1, 1, 0, 1, 0, 1, 0, 0, 0, 0, 1, 1, 1, 1, 0, 0, 0, 1, 0, 0, 1, 0, 1, 1, 0, 1, 1, 0, 0, 1, 1, 1, 0, 1, 1, 1, 1, 0, 1, 0, 1, 1, 1, 1, 0, 0, 1, 0, 1, 1, 1, 1, 0, 0, 0, 1, 1, 1, 1, 0, 0]"
bentFunc64,8,0.4690891930155734,0.4690891930155734,0.4876660341555977,0.8,"(0, 0, 1, 1, 0, 0, 1, 0, 0, 1, 1, 1, 1, 0, 0, 1, 0, 0, 1, 1, 1, 1, 0, 0, 0, 0, 1, 0, 1, 1, 1, 1, 0, 0, 1, 1, 1, 1, 0, 1, 1, 1, 1, 0, 1, 1, 0, 0, 1, 1, 0, 0, 1, 0, 0, 0, 1, 0, 0, 1, 0, 0, 1, 1, 0, 1, 0, 0, 0, 0, 1, 1, 1, 1, 1, 1, 0, 1, 1, 0, 0)"
bentFunc64,8,0.4690891930155734,0.4690891930155734,0.4876660341555977,0.8,"(0, 0, 1, 1, 0, 0, 1, 0, 0, 1, 1, 1, 1, 0, 0, 1, 0, 0, 1, 1, 1, 1, 0, 0, 0, 0, 1, 0, 1, 1, 1, 1, 0, 0, 1, 1, 1, 1, 0, 1, 1, 1, 1, 0, 1, 1, 0, 0, 1, 1, 0, 0, 1, 0, 0, 0, 1, 0, 0, 1, 0, 0, 1, 1, 0, 1, 0, 0, 0, 0, 1, 1, 1, 1, 1, 1, 0, 1, 1, 0, 0)"
bentFunc64,8,0.4690891930155734,0.4690891930155734,0.4876660341555977,0.8,"(0, 0, 1, 1, 0, 0, 1, 0, 0, 1, 1, 1, 1, 0, 0, 1, 0, 0, 1, 1, 1, 1, 0, 0, 0, 0, 1, 0, 1, 1, 1, 1, 0, 0, 1, 1, 1, 1, 0, 1, 1, 1, 1, 0, 1, 1, 0, 0, 1, 1, 0, 0, 1, 0, 0, 0, 1, 0, 0, 1, 0, 0, 1, 1, 0, 1, 0, 0, 0, 0, 1, 1, 1, 1, 1, 1, 0, 1, 1, 0, 0)"
bentFunc8_4,8,0.45068428504011326,0.45068428504011326,0.4791271347248577,0.8,"(0, 1, 0, 0, 1, 0, 1, 0, 1, 1, 1, 0, 1, 0, 1, 0, 0, 0, 1, 1, 1, 0, 0, 1, 0, 1, 1, 1, 0, 0, 1, 1, 0, 1, 1, 0, 1, 0, 1, 0, 0, 1, 0, 1, 0, 0, 1, 0, 1, 0, 0, 0, 0, 0, 0, 0, 1, 0, 1, 1, 0, 0, 0, 0, 1, 0, 0, 1, 0, 0, 0, 1, 0, 0, 0, 1, 0, 0, 0, 0, 0)"
quadricFunc22,10,0.4709631728045326,0.4709631728045326,0.48574144486692017,0.8,"(1, 1, 1, 0, 0, 1, 0, 1, 1, 1, 0, 1, 0, 1, 1, 0, 0, 1, 1, 0, 0, 0, 0, 1, 1, 1, 0, 1, 1, 1, 0, 1, 0, 0, 0, 0, 1, 0, 1, 1, 1, 1, 1, 0, 1, 0, 1, 1, 1, 1, 0, 0, 0, 0, 0, 1, 1, 0, 1, 1, 0, 1, 1, 1, 0, 1, 0, 0, 1, 0, 0, 1, 1, 0, 0, 1, 1, 0, 1, 1, 0, 1, 0, 1, 1, 1, 1, 1, 1, 1, 1, 1, 0, 1, 1, 0, 0, 1, 1, 1)"
quadricFunc22,10,0.46057601510859303,0.46057601510859303,0.48098859315589354,0.8,"(0, 0, 0, 1, 1, 0, 1, 0, 0, 0, 1, 0, 1, 0, 0, 1, 1, 0, 0, 1, 0, 0, 0, 1, 1, 1, 0, 1, 1, 1, 0, 1, 1, 1, 1, 0, 1, 0, 1, 1, 1, 1, 0, 1, 0, 0, 1, 1, 1, 1, 1, 0, 1, 0, 0, 1, 1, 0, 1, 1, 0, 1, 1, 1, 0, 1, 0, 0, 1, 0, 0, 1, 1, 0, 0, 1, 1, 0, 1, 1, 1, 0, 1, 0, 0, 0, 0, 0, 0, 0, 0, 0, 1, 0, 0, 1, 1, 0, 0, 0)"
quadricFunc1,5,0.4421127092666824,0.4421127092666824,0.45789971617786185,0.8,"(0, 1, 1, 2, 0)"
quadricFunc1,5,0.4421127092666824,0.4421127092666824,0.45789971617786185,0.8,"(1, 2, 2, 1, 1)"
quadricFunc1,5,0.4421127092666824,0.4421127092666824,0.45789971617786185,0.8,"(2, 2, 1, 1, 2)"
quadricFunc1,5,0.4421127092666824,0.4421127092666824,0.45789971617786185,0.8,"(1, 1, 0, 1, 2)"
quadricFunc1,5,0.4421127092666824,0.4421127092666824,0.45789971617786185,0.8,"(2, 2, 2, 2, 0, 0, 0, 1, 0, 2)"
quadricFunc1,5,0.4421127092666824,0.4421127092666824,0.45789971617786185,0.8,"(2, 2, 2, 2, 0, 0, 0, 1, 0, 2)"
quadricFunc1,5,0.4421127092666824,0.4421127092666824,0.45789971617786185,0.8,"(0, 0, 1, 0, 1, 1, 1, 0, 1, 1, 0, 0, 1, 0, 1, 0, 0, 0, 1, 1, 0, 0, 0, 0, 1)"
quadricFunc22,6,0.44669811320754715,0.44669811320754715,0.4630681818181818,0.8,"(0, 0, 0, 0, 1, 0, 1, 1, 0, 0, 1, 1, 1, 1, 0, 0, 0, 0, 1, 0, 1, 1, 1, 1, 1, 1, 1, 1, 1, 1, 0, 1, 1, 1, 1, 1)"
quadricFunc22,6,0.44669811320754715,0.44669811320754715,0.4583333333333333,0.8,"(0, 0, 0, 0, 1, 0, 1, 1, 0, 0, 1, 0, 1, 1, 0, 0, 0, 0, 1, 0, 1, 1, 0, 1, 1, 1, 1, 1, 1, 1, 0, 1, 1, 1, 0, 1)"
quadricFunc22,6,0.4429245283018868,0.4429245283018868,0.4706439393939394,0.8,"(0, 0, 0, 0, 1, 0, 1, 1, 0, 0, 1, 0, 1, 1, 1, 0, 1, 0, 1, 1, 0, 1, 0, 0, 1, 0, 0, 1, 1, 0, 0, 0, 0, 1, 0, 0)"
quadricFunc21,6,0.4514150943396226,0.4514150943396226,0.47821969696969696,0.8,"(1, 0, 1, 0, 1, 1, 1, 1, 1, 1, 0, 1, 1, 0, 1, 0, 1, 0, 1, 1, 1, 1, 1, 1, 0, 1, 1, 1, 1, 1, 0, 1, 0, 1, 0, 0)"
quadricFunc21,6,0.4483490566037736,0.4483490566037736,0.4678030303030303,0.8,"(1, 0, 1, 0, 1, 1, 0, 0, 0, 0, 1, 0, 0, 1, 0, 1, 0, 1, 0, 0, 0, 0, 0, 0, 1, 0, 0, 0, 0, 0, 0, 1, 0, 1, 0, 0)"
COMBIN,6,0.43349056603773584,0.43349056603773584,0.45454545454545453,0.8,"(1, 1, 1, 1, 0)"
COMBIN,6,0.43136792452830186,0.43136792452830186,0.4621212121212121,0.8,"(0, 1, 0, 1, 1, 1, 1, 0, 0, 1)"
COMBIN,6,0.4259433962264151,0.4259433962264151,0.4706439393939394,0.8,"(0, 1, 1, 1, 1, 0, 1, 0, 0, 1, 0, 0, 0, 1, 0, 0, 0, 1, 1, 1)"
bentFunc63,6,0.44221698113207547,0.44221698113207547,0.49053030303030304,0.8,"(0, 0, 0, 1, 0, 0, 0, 1, 0, 1, 1, 0, 0, 1, 1, 0, 0, 0, 0, 0, 0, 0, 0, 1, 0, 0, 0, 0, 1, 0, 1, 0, 0, 0, 1, 1)"
bentFunc63,6,0.44221698113207547,0.44221698113207547,0.49053030303030304,0.8,"(0, 0, 0, 1, 0, 0, 0, 1, 0, 1, 1, 0, 0, 1, 1, 0, 0, 0, 0, 0, 0, 0, 0, 1, 0, 0, 0, 0, 1, 0, 1, 0, 0, 0, 1, 1)"
bentFunc64,6,0.4542452830188679,0.4542452830188679,0.4753787878787879,0.8,"(1, 1, 1, 1, 0, 0, 0, 1, 1, 1, 0, 1, 1, 1, 1, 1, 0, 1, 0, 1, 1, 0, 0, 0, 1, 1, 1, 1, 0, 0, 1, 0, 0, 1, 1, 1)"
bentFunc64,6,0.4483490566037736,0.4483490566037736,0.5009469696969697,0.8,"(1, 1, 1, 1, 1, 1, 1, 0, 0, 0, 0, 0, 1, 1, 0, 0, 0, 0, 0, 1, 1, 1, 0, 1, 1, 0, 0, 1, 0, 0, 1, 0, 0, 1, 0, 1)"
bentFunc64,6,0.44150943396226416,0.44150943396226416,0.4640151515151515,0.8,"(1, 0, 1, 0, 1, 1, 0, 0, 0, 0, 0, 1, 0, 0, 0, 0, 1, 1, 1, 0, 1, 1, 1, 0, 1, 0, 1, 0, 0, 0, 0, 0, 0, 0, 1, 0)"
COMBIN,6,0.43278301886792453,0.43278301886792453,0.44886363636363635,0.8,"(1, 0, 1, 1, 1, 0, 1, 2, 2, 0)"
COMBIN,6,0.4252358490566038,0.4252358490566038,0.4649621212121212,0.8,"(0, 1, 2, 2, 2, 2, 1, 0, 0, 2)"
COMBIN,6,0.4247641509433962,0.4247641509433962,0.4441287878787879,0.8,"(1, 2, 1, 1, 1, 1, 2, 1, 0, 2, 1, 0, 1, 1, 1, 0, 2, 2, 0, 1)"
COMBIN,6,0.419811320754717,0.419811320754717,0.44507575757575757,0.8,"(1, 1, 2, 0, 1, 2, 2, 2, 2, 2, 1, 2, 1, 0, 0, 2, 1, 1, 0, 2)"
COMBIN,6,0.41910377358490564,0.41910377358490564,0.4403409090909091,0.8,"(1, 0, 2, 1, 1, 1, 0, 2, 1, 2, 2, 0, 0, 1, 0, 2, 1, 1, 0, 2)"
COMBIN,6,0.41556603773584905,0.41556603773584905,0.4668560606060606,0.8,"(0, 1, 1, 2, 1, 0, 1, 0, 0, 2, 0, 2, 0, 2, 2, 2, 1, 1, 0, 2)"
COMBIN,6,0.41485849056603774,0.41485849056603774,0.4753787878787879,0.8,"(0, 1, 1, 2, 1, 2, 1, 0, 0, 1, 0, 2, 0, 2, 2, 2, 1, 1, 1, 2)"
COMBIN,6,0.41485849056603774,0.41485849056603774,0.4753787878787879,0.8,"(0, 1, 1, 2, 1, 2, 1, 0, 0, 1, 0, 2, 0, 2, 2, 2, 1, 1, 1, 2)"
COMBIN,6,0.41485849056603774,0.41485849056603774,0.45928030303030304,0.8,"(0, 1, 1, 2, 1, 2, 1, 2, 0, 2, 0, 2, 0, 2, 2, 2, 0, 1, 0, 2)"
COMBIN,6,0.41533018867924526,0.41485849056603774,0.4753787878787879,0.8,"(0, 1, 1, 2, 1, 2, 1, 0, 0, 1, 0, 2, 0, 2, 2, 2, 1, 1, 1, 2)"
COMBIN,6,0.41533018867924526,0.41485849056603774,0.4753787878787879,0.8,"(0, 1, 1, 2, 1, 2, 1, 0, 0, 1, 0, 2, 0, 2, 2, 2, 1, 1, 1, 2)"
quadricFunc1,7,0.4597782495871668,0.4597782495871668,0.4663507109004739,0.8,"(0, 1, 0, 0, 1, 0, 1, 0, 1, 0, 1, 1, 0, 0, 0, 0, 0, 1, 1, 0, 1, 1, 1, 1, 1, 1, 1, 1, 1, 0, 1, 1, 0, 1, 0, 1, 0, 0, 1, 1, 0, 1, 1, 1, 1, 0, 1, 1, 1)"
quadricFunc1,7,0.4713375796178344,0.4597782495871668,0.45687203791469194,0.8,"(0, 1, 0, 0, 1, 0, 1, 0, 1, 1, 1, 1, 1, 0, 0, 0, 1, 0, 0, 1, 0, 1, 0, 1, 0, 1, 0, 0, 1, 0, 1, 0, 1, 1, 1, 0, 0, 0, 0, 0, 1, 1, 1, 1, 0, 0, 0, 1, 0)"
quadricFunc1,7,0.46166548714319416,0.4597782495871668,0.4663507109004739,0.8,"(0, 1, 0, 0, 1, 0, 1, 0, 1, 0, 1, 1, 0, 0, 0, 0, 0, 1, 1, 0, 1, 1, 1, 1, 1, 1, 1, 1, 1, 0, 1, 1, 0, 1, 0, 1, 0, 0, 1, 1, 0, 1, 1, 1, 1, 0, 1, 1, 1)"
quadricFunc1,7,0.46166548714319416,0.4597782495871668,0.4663507109004739,0.8,"(0, 1, 0, 0, 1, 0, 1, 0, 1, 0, 1, 1, 0, 0, 0, 0, 0, 1, 1, 0, 1, 1, 1, 1, 1, 1, 1, 1, 1, 0, 1, 1, 0, 1, 0, 1, 0, 0, 1, 1, 0, 1, 1, 1, 1, 0, 1, 1, 1)"
quadricFunc1,7,0.4446803491389479,0.4446803491389479,0.45687203791469194,0.8,"(0, 1, 0, 0, 1, 0, 1, 0, 1, 0, 1, 1, 0, 0, 0, 0, 0, 1, 1, 0, 1, 1, 1, 1, 1, 1, 1, 1, 1, 0, 1, 0, 1, 1, 1, 0, 1, 0, 0, 1, 0, 1, 1, 1, 1, 0, 1, 1, 1)"
quadricFunc1,7,0.4446803491389479,0.4446803491389479,0.45687203791469194,0.8,"(0, 1, 0, 0, 1, 0, 1, 0, 1, 0, 1, 1, 0, 0, 0, 0, 0, 1, 1, 0, 1, 1, 1, 1, 1, 1, 1, 1, 1, 0, 1, 0, 1, 1, 1, 0, 1, 0, 0, 1, 0, 1, 1, 1, 1, 0, 1, 1, 1)"
quadricFunc1,7,0.4446803491389479,0.4446803491389479,0.45687203791469194,0.8,"(0, 1, 0, 0, 1, 0, 1, 0, 1, 0, 1, 1, 0, 0, 0, 0, 0, 1, 1, 0, 1, 1, 1, 1, 1, 1, 1, 1, 1, 0, 1, 0, 1, 1, 1, 0, 1, 0, 0, 1, 0, 1, 1, 1, 1, 0, 1, 1, 1)"
bentFunc74,7,0.46756310450577965,0.4590705355036565,0.4654028436018957,0.8,"(0, 1, 1, 1, 0, 0, 1, 1, 1, 1, 1, 1, 0, 1, 1, 0, 1, 1, 0, 0, 1, 0, 1, 1, 0, 1, 0, 0, 0, 0, 0, 0, 1, 1, 0, 0, 1, 1, 1, 1, 1, 0, 1, 0, 1, 1, 0, 1, 1)"
bentFunc74,7,0.46756310450577965,0.4581269167256428,0.4654028436018957,0.8,"(0, 1, 1, 1, 0, 0, 1, 1, 1, 1, 1, 1, 0, 1, 1, 0, 1, 1, 0, 0, 1, 0, 1, 1, 0, 1, 0, 0, 0, 0, 0, 0, 1, 1, 0, 0, 1, 1, 1, 1, 1, 0, 1, 0, 1, 1, 0, 1, 1)"
bentFunc74,7,0.46756310450577965,0.4581269167256428,0.4654028436018957,0.8,"(0, 1, 1, 1, 0, 0, 1, 1, 1, 1, 1, 1, 0, 1, 1, 0, 1, 1, 0, 0, 1, 0, 1, 1, 0, 1, 0, 0, 0, 0, 0, 0, 1, 1, 0, 0, 1, 1, 1, 1, 1, 0, 1, 0, 1, 1, 0, 1, 1)"
bentFunc74,7,0.46756310450577965,0.4581269167256428,0.4654028436018957,0.8,"(0, 1, 1, 1, 0, 0, 1, 1, 1, 1, 1, 1, 0, 1, 1, 0, 1, 1, 0, 0, 1, 0, 1, 1, 0, 1, 0, 0, 0, 0, 0, 0, 1, 1, 0, 0, 1, 1, 1, 1, 1, 0, 1, 0, 1, 1, 0, 1, 1)"
bentFunc74,7,0.4588346308091531,0.4581269167256428,0.4654028436018957,0.8,"(0, 0, 0, 0, 1, 0, 0, 1, 0, 0, 1, 0, 0, 0, 0, 1, 1, 0, 1, 1, 1, 0, 1, 1, 0, 1, 1, 1, 1, 0, 1, 1, 0, 1, 0, 0, 1, 1, 1, 0, 0, 1, 0, 0, 0, 0, 0, 1, 0)"
bentFunc74,7,0.4588346308091531,0.4519933946685539,0.4654028436018957,0.8,"(0, 0, 0, 0, 1, 0, 0, 1, 0, 0, 1, 0, 0, 0, 0, 1, 1, 0, 1, 1, 1, 0, 1, 1, 0, 1, 1, 1, 1, 0, 1, 1, 0, 1, 0, 0, 1, 1, 1, 0, 0, 1, 0, 0, 0, 0, 0, 1, 0)"
bentFunc74,7,0.4519933946685539,0.4519933946685539,0.5014218009478673,0.8,"(0, 1, 1, 1, 1, 0, 1, 0, 0, 1, 1, 0, 0, 1, 0, 1, 0, 0, 0, 0, 1, 0, 0, 1, 1, 0, 0, 1, 0, 1, 0, 1, 1, 1, 1, 0, 1, 1, 1, 0, 0, 1, 0, 0, 1, 1, 1, 0, 1)"
bentFunc74,7,0.4600141542816702,0.4519933946685539,0.47393364928909953,0.8,"(1, 0, 1, 0, 1, 0, 0, 0, 0, 0, 0, 1, 1, 0, 1, 0, 1, 1, 1, 1, 1, 1, 0, 1, 1, 0, 1, 1, 0, 0, 1, 0, 0, 1, 1, 0, 0, 1, 1, 1, 1, 0, 0, 0, 1, 0, 1, 1, 0)"
bentFunc74,7,0.4633168200047181,0.4496343477235197,0.46919431279620855,0.8,"(1, 1, 0, 1, 1, 1, 1, 0, 1, 0, 1, 0, 0, 1, 1, 1, 1, 1, 1, 1, 1, 1, 0, 0, 1, 1, 0, 0, 0, 1, 0, 0, 0, 0, 0, 1, 0, 1, 1, 1, 1, 1, 1, 1, 0, 1, 1, 0, 1)"
bentFunc74,7,0.4496343477235197,0.4439726350554376,0.47393364928909953,0.8,"(1, 0, 0, 1, 0, 0, 1, 0, 0, 1, 0, 0, 1, 0, 0, 1, 0, 1, 0, 0, 0, 0, 0, 0, 1, 0, 0, 1, 1, 1, 1, 1, 0, 1, 0, 0, 1, 0, 1, 0, 0, 0, 0, 0, 0, 0, 0, 0, 1)"
bentFunc74,7,0.4439726350554376,0.4439726350554376,0.500473933649289,0.8,"(0, 1, 1, 1, 1, 0, 1, 0, 0, 1, 1, 0, 0, 1, 0, 1, 0, 0, 0, 0, 1, 0, 0, 1, 1, 0, 0, 1, 0, 1, 1, 1, 1, 1, 1, 0, 1, 1, 1, 0, 0, 1, 0, 0, 1, 1, 1, 0, 1)"
bentFunc74,7,0.4439726350554376,0.4439726350554376,0.500473933649289,0.8,"(0, 1, 1, 1, 1, 0, 1, 0, 0, 1, 1, 0, 0, 1, 0, 1, 0, 0, 0, 0, 1, 0, 0, 1, 1, 0, 0, 1, 0, 1, 1, 1, 1, 1, 1, 0, 1, 1, 1, 0, 0, 1, 0, 0, 1, 1, 1, 0, 1)"
bentFunc74,7,0.453172918141071,0.4439726350554376,0.45687203791469194,0.8,"(1, 0, 1, 0, 1, 1, 1, 1, 0, 0, 0, 1, 0, 1, 1, 0, 0, 0, 0, 0, 0, 0, 0, 0, 0, 0, 1, 1, 1, 0, 1, 0, 0, 0, 1, 0, 0, 1, 0, 1, 0, 0, 0, 0, 0, 0, 0, 0, 1)"
bentFunc74,7,0.453172918141071,0.4439726350554376,0.45687203791469194,0.8,"(1, 0, 1, 0, 1, 1, 1, 1, 0, 0, 0, 1, 0, 1, 1, 0, 0, 0, 0, 0, 0, 0, 0, 0, 0, 0, 1, 1, 1, 0, 1, 0, 0, 0, 1, 0, 0, 1, 0, 1, 0, 0, 0, 0, 0, 0, 0, 0, 1)"
bentFunc74,7,0.4439726350554376,0.4439726350554376,0.500473933649289,0.8,"(0, 1, 1, 1, 1, 0, 1, 0, 0, 1, 1, 0, 0, 1, 0, 1, 0, 0, 0, 0, 1, 0, 0, 1, 1, 0, 0, 1, 0, 1, 1, 1, 1, 1, 1, 0, 1, 1, 1, 0, 0, 1, 0, 0, 1, 1, 1, 0, 1)"
bentFunc74,7,0.4701580561453173,0.4439726350554376,0.45592417061611373,0.8,"(0, 0, 0, 0, 1, 1, 1, 0, 0, 1, 1, 1, 0, 0, 0, 0, 1, 1, 1, 0, 0, 0, 0, 1, 0, 1, 0, 1, 1, 1, 0, 0, 0, 0, 1, 1, 0, 1, 0, 1, 1, 1, 1, 1, 1, 1, 1, 0, 0)"
bentFunc74,7,0.4600141542816702,0.4439726350554376,0.46445497630331756,0.8,"(0, 1, 1, 1, 0, 1, 0, 0, 1, 1, 1, 0, 1, 0, 0, 1, 0, 1, 1, 0, 1, 1, 1, 0, 0, 0, 0, 1, 0, 0, 0, 0, 0, 1, 1, 0, 0, 0, 0, 1, 0, 1, 0, 1, 1, 1, 0, 0, 0)"
bentFunc74,7,0.46850672328379334,0.4439726350554376,0.45687203791469194,0.8,"(0, 0, 1, 0, 1, 1, 1, 0, 0, 0, 1, 1, 1, 0, 0, 1, 0, 1, 1, 0, 0, 0, 0, 0, 0, 0, 0, 0, 1, 1, 0, 1, 1, 1, 1, 1, 1, 1, 0, 0, 1, 1, 0, 0, 0, 1, 1, 0, 0)"
bentFunc72,7,0.45930644019815997,0.45930644019815997,0.47488151658767774,0.8,"(1, 0, 1, 0, 0, 1, 1, 1, 0, 1, 0, 1, 0, 1, 1, 1, 0, 1, 0, 1, 0, 0, 1, 0, 0, 0, 0, 1, 0, 0, 0, 1, 0, 1, 0, 0, 0, 0, 1, 0, 0, 1, 1, 0, 0, 1, 0, 1, 0)"
bentFunc72,7,0.45930644019815997,0.45930644019815997,0.47488151658767774,0.8,"(1, 0, 1, 0, 0, 1, 1, 1, 0, 1, 0, 1, 0, 1, 1, 1, 0, 1, 0, 1, 0, 0, 1, 0, 0, 0, 0, 1, 0, 0, 0, 1, 0, 1, 0, 0, 0, 0, 1, 0, 0, 1, 1, 0, 0, 1, 0, 1, 0)"
bentFunc72,7,0.45930644019815997,0.45930644019815997,0.47488151658767774,0.8,"(1, 0, 1, 0, 0, 1, 1, 1, 0, 1, 0, 1, 0, 1, 1, 1, 0, 1, 0, 1, 0, 0, 1, 0, 0, 0, 0, 1, 0, 0, 0, 1, 0, 1, 0, 0, 0, 0, 1, 0, 0, 1, 1, 0, 0, 1, 0, 1, 0)"
quadricFunc1,9,0.4687278734953977,0.46849185744630634,0.4757834757834758,0.8,"(0, 0, 1, 1, 0, 0, 0, 0, 0, 1, 0, 0, 1, 0, 0, 1, 1, 0, 0, 1, 1, 0, 1, 0, 0, 1, 0, 1, 0, 1, 0, 0, 1, 1, 0, 1, 1, 1, 1, 0, 1, 1, 1, 0, 0, 1, 1, 0, 1, 1, 0, 1, 0, 0, 1, 0, 1, 0, 0, 0, 1, 1, 0, 1, 0, 0, 0, 0, 1, 1, 0, 0, 0, 1, 0, 0, 1, 0, 1, 1, 0)"
quadricFunc1,9,0.4687278734953977,0.46849185744630634,0.4757834757834758,0.8,"(0, 0, 1, 1, 0, 0, 0, 0, 0, 1, 0, 0, 1, 0, 0, 1, 1, 0, 0, 1, 1, 0, 1, 0, 0, 1, 0, 1, 0, 1, 0, 0, 1, 1, 0, 1, 1, 1, 1, 0, 1, 1, 1, 0, 0, 1, 1, 0, 1, 1, 0, 1, 0, 0, 1, 0, 1, 0, 0, 0, 1, 1, 0, 1, 0, 0, 0, 0, 1, 1, 0, 0, 0, 1, 0, 0, 1, 0, 1, 1, 0)"
quadricFunc1,9,0.4687278734953977,0.46849185744630634,0.4757834757834758,0.8,"(0, 0, 1, 1, 0, 0, 0, 0, 0, 1, 0, 0, 1, 0, 0, 1, 1, 0, 0, 1, 1, 0, 1, 0, 0, 1, 0, 1, 0, 1, 0, 0, 1, 1, 0, 1, 1, 1, 1, 0, 1, 1, 1, 0, 0, 1, 1, 0, 1, 1, 0, 1, 0, 0, 1, 0, 1, 0, 0, 0, 1, 1, 0, 1, 0, 0, 0, 0, 1, 1, 0, 0, 0, 1, 0, 0, 1, 0, 1, 1, 0)"
quadricFunc1,3,0.442139995286354,0.442139995286354,0.45703493862134087,0.8,"(1, 0, 1, 1, 1, 0, 1, 0, 0)"
quadricFunc1,3,0.442139995286354,0.442139995286354,0.45703493862134087,0.8,"(1, 0, 1, 1, 1, 0, 1, 0, 0)"
CH_WIN,0,0.45104977589054024,0.4300542580797358,0.43507109004739336,0.8,"(2, 2, 2, 2, 0, 2, 1, 1, 2, 0, 0, 2, 0, 2, 1, 2, 0, 1, 1, 1)"
CH_WIN,0,0.4293465439962255,0.4281670205237084,0.4549763033175355,0.8,"(0, 2, 0, 2, 0, 2, 2, 1, 0, 2, 1, 1, 2, 2, 1, 0, 2, 2, 1, 1)"
CH_WIN,0,0.4281670205237084,0.4281670205237084,0.45687203791469194,0.8,"(0, 0, 0, 2, 0, 2, 2, 0, 0, 2, 1, 0, 2, 2, 1, 0, 2, 2, 1, 1)"
CH_WIN,0,0.4281670205237084,0.4281670205237084,0.45687203791469194,0.8,"(1, 1, 1, 2, 1, 2, 2, 0, 0, 2, 0, 0, 2, 2, 0, 0, 2, 2, 1, 0)"
CH_WIN,0,0.43524416135881105,0.43524416135881105,0.46255924170616114,0.8,"(1, 0, 2, 2, 1, 1, 2, 2, 1, 1)"
CH_WIN,0,0.43524416135881105,0.43524416135881105,0.46255924170616114,0.8,"(1, 0, 2, 2, 1, 1, 2, 2, 1, 1)"
CH_WIN,0,0.4314696862467563,0.42344892663364003,0.4483412322274882,0.8,"(1, 1, 1, 2, 2, 0, 0, 2, 0, 1, 0, 0, 1, 0, 2, 0, 0, 0, 1, 1, 0, 0, 0, 0, 0, 1, 1, 0, 1, 2, 1, 0, 0, 0, 1, 1, 2, 2, 2, 1, 1, 0, 1, 0, 1, 2, 0, 1, 1, 2, 2, 0, 1, 1, 0, 0, 1, 2, 2, 1, 1, 1, 2, 1, 1, 1, 2, 0, 0, 2, 1, 2, 2, 0, 1, 1, 0, 0, 1, 0)"
CH_WIN,0,0.4208539749941024,0.4196744515215853,0.45402843601895737,0.8,"(2, 2, 0, 2, 2, 0, 2, 1, 1, 0, 1, 0, 1, 1, 0, 1, 2, 0, 1, 2, 1, 0, 2, 1, 1, 2, 2, 2, 1, 0, 0, 1, 2, 2, 0, 0, 0, 2, 2, 1, 0, 2, 2, 0, 1, 2, 2, 2, 1, 2, 2, 1, 0, 2, 1, 0, 0, 2, 2, 0, 0, 0, 2, 1, 1, 0, 2, 2, 0, 1, 0, 2, 2, 1, 1, 1, 2, 0, 1, 1)"
CH_WIN,0,0.4154281670205237,0.4128332153809861,0.45876777251184836,0.8,"(2, 0, 0, 2, 2, 1, 2, 1, 1, 1, 1, 2, 2, 1, 2, 2, 2, 1, 1, 2, 1, 1, 0, 1, 1, 2, 2, 2, 2, 2, 1, 1, 2, 2, 2, 1, 0, 2, 2, 1, 0, 2, 1, 0, 1, 1, 2, 2, 1, 2, 2, 1, 0, 2, 0, 0, 0, 2, 2, 1, 0, 2, 2, 0, 0, 1, 0, 2, 0, 0, 0, 2, 0, 0, 1, 1, 2, 2, 1, 1)"
CH_WIN,0,0.4130691200754895,0.41236140599197924,0.46350710900473935,0.8,"(2, 2, 1, 2, 2, 0, 2, 1, 0, 0, 1, 2, 2, 1, 1, 2, 2, 0, 1, 2, 0, 1, 2, 1, 0, 2, 0, 1, 2, 1, 2, 1, 2, 2, 2, 0, 0, 2, 2, 0, 0, 2, 1, 0, 1, 2, 2, 2, 1, 2, 2, 1, 2, 0, 0, 0, 0, 0, 2, 1, 1, 2, 2, 1, 1, 0, 2, 2, 0, 2, 0, 2, 1, 0, 1, 0, 2, 2, 1, 0)"
CH_WIN,0,0.4118895966029724,0.41141778721396555,0.46161137440758293,0.8,"(2, 2, 0, 2, 2, 1, 2, 0, 1, 1, 1, 1, 2, 0, 2, 1, 2, 0, 1, 2, 1, 1, 1, 1, 0, 2, 0, 1, 2, 0, 0, 0, 2, 2, 2, 1, 1, 2, 1, 0, 0, 0, 1, 0, 2, 2, 2, 2, 1, 2, 2, 1, 2, 2, 0, 0, 0, 2, 2, 1, 1, 2, 2, 1, 1, 1, 0, 2, 0, 2, 0, 2, 1, 0, 1, 0, 2, 2, 1, 0)"
CH_WIN,0,0.41118188251946214,0.41094597782495873,0.46350710900473935,0.8,"(2, 0, 1, 2, 2, 1, 2, 0, 1, 2, 0, 2, 2, 1, 2, 2, 2, 0, 1, 2, 1, 0, 1, 1, 1, 2, 1, 1, 2, 0, 1, 1, 2, 2, 2, 1, 1, 2, 2, 1, 1, 0, 1, 0, 2, 2, 2, 2, 1, 2, 2, 1, 2, 0, 0, 1, 0, 2, 2, 1, 1, 2, 2, 0, 1, 0, 2, 1, 1, 2, 0, 2, 1, 2, 1, 0, 2, 2, 1, 1)"
CH_WIN,0,0.41094597782495873,0.41047416843595186,0.4597156398104265,0.8,"(2, 2, 0, 2, 2, 1, 2, 0, 0, 0, 1, 2, 2, 1, 2, 2, 2, 0, 1, 2, 1, 0, 2, 1, 1, 2, 0, 2, 2, 0, 2, 1, 2, 2, 2, 1, 0, 2, 1, 1, 1, 0, 1, 0, 2, 2, 2, 2, 1, 2, 2, 2, 2, 2, 1, 1, 0, 2, 2, 1, 1, 2, 2, 2, 1, 0, 2, 1, 1, 2, 0, 2, 1, 1, 1, 0, 2, 2, 1, 1)"
CH_WIN,0,0.41047416843595186,0.41047416843595186,0.46161137440758293,0.8,"(2, 2, 1, 2, 2, 1, 2, 0, 0, 2, 1, 2, 2, 1, 2, 2, 2, 0, 1, 2, 1, 0, 2, 1, 1, 2, 0, 2, 2, 0, 2, 1, 2, 2, 2, 1, 0, 2, 1, 1, 1, 0, 1, 0, 2, 2, 2, 2, 1, 2, 2, 1, 2, 2, 1, 1, 0, 2, 2, 1, 1, 2, 2, 2, 1, 0, 2, 1, 1, 2, 0, 2, 0, 1, 1, 0, 2, 2, 1, 1)"
CH_WIN,0,0.41047416843595186,0.41047416843595186,0.4606635071090047,0.8,"(2, 2, 1, 2, 2, 1, 2, 0, 1, 2, 0, 2, 2, 1, 2, 2, 2, 0, 1, 2, 1, 0, 2, 1, 1, 2, 0, 2, 2, 0, 2, 1, 2, 2, 2, 1, 0, 2, 1, 1, 1, 0, 1, 0, 2, 2, 2, 2, 1, 2, 2, 2, 2, 0, 1, 0, 0, 2, 2, 1, 1, 2, 2, 2, 1, 0, 2, 1, 1, 2, 0, 2, 1, 1, 1, 0, 2, 2, 1, 1)"
CH_WIN,0,0.41047416843595186,0.41047416843595186,0.4606635071090047,0.8,"(2, 2, 1, 2, 2, 1, 2, 0, 1, 2, 0, 2, 2, 1, 2, 2, 2, 0, 1, 2, 1, 0, 2, 1, 1, 2, 0, 2, 2, 0, 2, 1, 2, 2, 2, 1, 0, 2, 1, 1, 1, 0, 1, 0, 2, 2, 2, 2, 1, 2, 2, 2, 2, 0, 1, 0, 0, 2, 2, 1, 1, 2, 2, 2, 1, 0, 2, 1, 1, 2, 0, 2, 1, 1, 1, 0, 2, 2, 1, 1)"
CH_WIN,0,0.41047416843595186,0.41047416843595186,0.4606635071090047,0.8,"(2, 2, 1, 2, 2, 1, 2, 0, 1, 2, 0, 2, 2, 1, 2, 2, 2, 0, 1, 2, 1, 0, 2, 1, 1, 2, 0, 2, 2, 0, 2, 1, 2, 2, 2, 1, 0, 2, 1, 1, 1, 0, 1, 0, 2, 2, 2, 2, 1, 2, 2, 2, 2, 0, 1, 0, 0, 2, 2, 1, 1, 2, 2, 2, 1, 0, 2, 1, 1, 2, 0, 2, 1, 1, 1, 0, 2, 2, 1, 1)"
quadricFunc1,3,0.442139995286354,0.442139995286354,0.45703493862134087,0.8,"(1, 0, 1, 1, 1, 0, 1, 0, 0)"
quadricFunc1,3,0.442139995286354,0.442139995286354,0.45703493862134087,0.8,"(1, 0, 1, 0, 1, 1, 1, 1, 1, 1, 0, 0, 1, 0, 1, 0)"
quadricFunc1,3,0.442139995286354,0.442139995286354,0.45703493862134087,0.8,"(0, 1, 1, 1, 1, 0, 1, 1, 1, 0, 1, 1, 1, 1, 0, 1)"
quadricFunc1,3,0.442139995286354,0.442139995286354,0.45703493862134087,0.8,"(0, 1, 1, 1, 1, 0, 1, 1, 1, 0, 1, 1, 1, 1, 0, 1)"
quadricFunc1,3,0.442139995286354,0.442139995286354,0.45703493862134087,0.8,"(0, 1, 1, 1, 1, 0, 1, 1, 1, 0, 1, 1, 1, 1, 0, 1)"
quadricFunc21,2,0.4526390197926484,0.4526390197926484,0.46132075471698114,0.8,"(1, 1, 1, 0, 0, 0, 0, 1, 0)"
quadricFunc21,4,0.442008486562942,0.442008486562942,0.45746691871455575,0.8,"(0, 0, 0, 0, 1, 0, 0, 0, 0, 1, 0, 1, 1, 0, 1, 1, 1, 0, 0, 0, 1, 0, 0, 1, 0)"
quadricFunc21,4,0.442008486562942,0.442008486562942,0.45746691871455575,0.8,"(0, 0, 0, 0, 1, 0, 0, 0, 0, 1, 0, 1, 1, 0, 1, 1, 1, 0, 0, 0, 1, 0, 0, 1, 0)"
quadricFunc21,4,0.442008486562942,0.442008486562942,0.45746691871455575,0.8,"(0, 0, 0, 0, 1, 0, 0, 0, 0, 1, 0, 1, 1, 0, 1, 1, 1, 0, 0, 0, 1, 0, 0, 1, 0)"
quadricFunc21,4,0.442008486562942,0.442008486562942,0.45746691871455575,0.8,"(0, 0, 0, 0, 1, 0, 0, 0, 0, 1, 0, 1, 1, 0, 1, 1, 1, 0, 0, 0, 1, 0, 0, 1, 0)"
quadricFunc21,4,0.442008486562942,0.442008486562942,0.45746691871455575,0.8,"(0, 0, 0, 0, 1, 0, 0, 0, 0, 1, 0, 1, 1, 0, 1, 1, 1, 0, 0, 0, 1, 0, 0, 1, 0)"
quadricFunc21,4,0.4611032531824611,0.43761814744801514,0.43761814744801514,0.8,"(0, 0, 0, 0, 0, 0, 0, 0, 0, 1, 0, 0, 0, 0, 1, 1, 1, 0, 0, 0, 0, 0, 0, 1, 0)"
quadricFunc21,4,0.4611032531824611,0.43761814744801514,0.43761814744801514,0.8,"(1, 0, 0, 0, 1, 0, 0, 0, 0, 1, 0, 0, 1, 0, 1, 1, 1, 0, 0, 0, 0, 0, 0, 1, 0)"
quadricFunc21,4,0.4611032531824611,0.43761814744801514,0.43761814744801514,0.8,"(0, 0, 1, 1, 0, 1, 1, 1, 0, 1, 0, 0, 0, 0, 1, 1, 1, 0, 0, 0, 0, 0, 0, 1, 0)"
quadricFunc21,6,0.46014150943396226,0.4589622641509434,0.47632575757575757,0.8,"(1, 1, 0, 1, 0, 0, 0, 0, 0, 0, 1, 1, 1, 0, 1, 1, 1, 1, 0, 1, 0, 1, 1, 1, 1, 0, 1, 0, 0, 0, 1, 1, 1, 1, 1, 1, 1, 1, 0, 0, 1, 0, 0, 1, 1, 0, 0, 1, 1)"
quadricFunc21,6,0.4580188679245283,0.4474056603773585,0.45738636363636365,0.8,"(1, 1, 1, 0, 0, 1, 0, 1, 1, 1, 0, 0, 1, 0, 1, 0, 0, 1, 0, 0, 1, 1, 1, 0, 1, 1, 0, 1, 1, 0, 1, 0, 1, 0, 0, 1, 0, 1, 0, 1, 1, 0, 0, 1, 1, 1, 0, 0, 1)"
quadricFunc21,6,0.4474056603773585,0.4474056603773585,0.4876893939393939,0.8,"(1, 1, 1, 0, 0, 1, 1, 0, 0, 0, 0, 0, 1, 0, 0, 1, 1, 1, 0, 0, 0, 0, 1, 0, 1, 1, 0, 1, 0, 1, 0, 1, 0, 0, 1, 0, 1, 1, 1, 1, 0, 0, 0, 1, 1, 0, 0, 0, 1)"
quadricFunc21,6,0.4474056603773585,0.4474056603773585,0.4876893939393939,0.8,"(1, 1, 1, 0, 0, 1, 1, 0, 0, 0, 0, 0, 1, 0, 0, 1, 1, 1, 0, 0, 0, 0, 1, 0, 1, 1, 0, 1, 0, 1, 0, 1, 0, 0, 1, 0, 1, 1, 1, 1, 0, 0, 0, 1, 1, 0, 0, 0, 1)"
quadricFunc21,5,0.45343079462390945,0.44706437161046925,0.4607379375591296,0.8,"(1, 1, 1, 0, 0, 0, 0, 0, 0, 0, 1, 1, 0, 1, 0, 1, 1, 1, 0, 0, 0, 1, 0, 0, 0, 0, 1, 0, 0, 0, 0, 0, 1, 0, 0, 0)"
quadricFunc21,5,0.4454138174958736,0.44376326338127803,0.4597918637653737,0.8,"(1, 1, 1, 0, 0, 0, 0, 0, 1, 1, 1, 1, 0, 1, 0, 1, 1, 1, 0, 0, 0, 1, 1, 1, 0, 0, 1, 0, 0, 0, 0, 0, 1, 0, 0, 0)"
linearFunc,5,0.45673190285310067,0.45673190285310067,0.45695364238410596,0.8,"(1, 0, 1, 1, 1, 1, 0, 1, 0, 1, 1, 1, 1, 1, 0, 0, 0, 1, 0, 0, 1, 1, 0, 0, 1, 1, 0, 0, 0, 1)"
linearFunc,5,0.45673190285310067,0.45673190285310067,0.45695364238410596,0.8,"(0, 1, 0, 1, 1, 1, 0, 1, 0, 0, 0, 0, 0, 0, 1, 1, 0, 0, 1, 0, 0, 1, 1, 0, 1, 1, 1, 1, 1, 0)"
linearFunc,10,0.45703493862134087,0.4440509915014164,0.45817490494296575,0.8,"(1, 0, 0, 0, 1, 0, 0, 1, 1, 1, 0, 0, 0, 1, 1, 1, 1, 1, 0, 0, 1, 0, 0, 0, 0, 1, 0, 0, 1, 1, 1, 0, 1, 1, 1, 0, 0, 0, 1, 1, 0, 1, 1, 0, 1, 1, 1, 0, 1, 0, 0, 0, 1, 1, 0, 0, 0, 0, 0, 0, 0, 0, 0, 1, 0, 0, 1, 1, 0, 1, 0, 0, 0, 0, 1, 1, 0, 0, 0, 0, 0, 1, 1, 1, 0, 1, 0, 0, 0, 0, 1, 0, 0, 1, 1, 1, 1, 1, 0, 1, 0, 1, 0, 0, 0, 1, 0, 1, 0, 1)"
linearFunc,10,0.45703493862134087,0.4440509915014164,0.45817490494296575,0.8,"(1, 0, 0, 0, 1, 0, 0, 1, 1, 1, 0, 0, 0, 1, 1, 1, 1, 1, 0, 0, 1, 0, 0, 0, 0, 1, 0, 0, 1, 1, 1, 0, 1, 1, 1, 0, 0, 0, 1, 1, 0, 1, 1, 0, 1, 1, 1, 0, 1, 0, 0, 0, 1, 1, 0, 0, 0, 0, 0, 0, 0, 0, 0, 1, 0, 0, 1, 1, 0, 1, 0, 0, 0, 0, 1, 1, 0, 0, 0, 0, 0, 1, 1, 1, 0, 1, 0, 0, 0, 0, 1, 0, 0, 1, 1, 1, 1, 1, 0, 1, 0, 1, 0, 0, 0, 1, 0, 1, 0, 1)"
linearFunc,3,0.45698798020268677,0.45698798020268677,0.45609065155807366,0.8,"(0, 1, 0, 0, 1, 1, 0, 0, 0, 0, 0, 0)"
linearFunc,4,0.45685997171145687,0.45685997171145687,0.45652173913043476,0.8,"(1, 1, 1, 1, 0, 1, 1, 0, 0, 1, 1, 1, 1, 1, 1, 1, 0, 1, 0, 1)"
linearFunc,7,0.4569473932531257,0.4569473932531257,0.45687203791469194,0.8,"(1, 1, 1, 1, 1, 1, 0, 1, 0, 1, 0, 0, 0, 0, 1, 1, 0, 0, 1, 1, 0, 1, 1, 1, 1, 0, 1, 1, 0, 1, 0, 0, 1, 0, 1, 0, 1, 1, 1, 1, 0, 0, 0, 1, 0, 1, 0, 1, 1, 1, 1, 0, 0, 0, 1, 1)"
linearFunc,2,0.456880301602262,0.456880301602262,0.4556603773584906,0.8,"(1, 1, 1, 0, 0, 0)"
bentTrio1,3,0.446853641291539,0.446853641291539,0.4702549575070821,0.8,"(1, 0, 0, 0, 0, 1, 0, 1, 0, 0, 0, 0)"
bentTrio1,3,0.44779637049257603,0.4485363550519358,0.4485363550519358,0.8,"(1, 0, 1, 1, 1, 1, 0, 0, 1, 0, 1, 0)"
bentTrio1,4,0.4476661951909477,0.4448373408769448,0.44896030245746693,0.8,"(0, 1, 1, 1, 0, 0, 0, 1, 0, 0, 1, 1, 0, 0, 0, 0, 0, 1, 1, 1)"
bentTrio1,5,0.4539023815137939,0.45012968639471823,0.4522232734153264,0.8,"(0, 1, 0, 0, 1, 1, 0, 1, 0, 1, 1, 1, 0, 1, 0, 1, 1, 1, 1, 1, 1, 0, 0, 0, 1, 0, 0, 1, 1, 1)"
bentTrio1,5,0.45012968639471823,0.4484791322801226,0.47776726584673607,0.8,"(1, 0, 1, 0, 1, 1, 1, 1, 0, 0, 1, 0, 0, 0, 1, 0, 0, 0, 0, 0, 1, 1, 1, 0, 1, 0, 1, 1, 1, 0)"
bentTrio1,5,0.44777175194529595,0.4444706437161047,0.4474929044465468,0.8,"(1, 0, 0, 1, 0, 0, 0, 0, 0, 1, 1, 0, 0, 0, 1, 1, 0, 0, 1, 0, 1, 0, 0, 0, 1, 1, 1, 0, 0, 1)"
bentTrio1,5,0.4451780240509314,0.44376326338127803,0.44370860927152317,0.8,"(1, 0, 0, 0, 0, 0, 0, 0, 0, 1, 1, 0, 0, 0, 1, 1, 0, 0, 1, 0, 1, 0, 0, 0, 1, 1, 1, 0, 0, 1)"
bentTrio1,5,0.44376326338127803,0.44376326338127803,0.4824976348155156,0.8,"(1, 0, 1, 0, 0, 1, 0, 0, 0, 0, 1, 0, 1, 0, 0, 1, 1, 0, 0, 0, 1, 0, 0, 0, 0, 0, 1, 0, 0, 0)"
bentTrio1,5,0.47158688988446124,0.44843897824030277,0.44843897824030277,0.8,"(0, 1, 1, 1, 1, 1, 1, 1, 1, 0, 0, 1, 1, 0, 0, 0, 1, 0, 1, 1, 1, 0, 0, 1, 1, 1, 1, 0, 1, 1)"
bentTrio1,5,0.4451780240509314,0.44370860927152317,0.44370860927152317,0.8,"(0, 1, 1, 1, 1, 1, 1, 1, 1, 0, 0, 1, 1, 0, 0, 0, 0, 0, 1, 1, 1, 0, 0, 1, 1, 1, 1, 0, 1, 1)"
bentTrio1,5,0.47795331289790144,0.44181646168401134,0.44181646168401134,0.8,"(1, 1, 1, 0, 1, 1, 1, 1, 1, 0, 0, 1, 1, 0, 0, 0, 1, 0, 1, 1, 1, 0, 0, 1, 1, 1, 1, 0, 1, 1)"
bentTrio1,5,0.47795331289790144,0.44181646168401134,0.44181646168401134,0.8,"(1, 1, 1, 0, 1, 1, 1, 1, 1, 0, 0, 1, 1, 0, 0, 0, 1, 0, 1, 1, 1, 0, 0, 1, 1, 1, 1, 0, 1, 1)"
bentTrio1,5,0.47795331289790144,0.44181646168401134,0.44181646168401134,0.8,"(1, 1, 1, 0, 1, 1, 1, 1, 1, 0, 0, 1, 1, 0, 0, 0, 1, 0, 1, 1, 1, 0, 0, 1, 1, 1, 1, 0, 1, 1)"
bentTrio1,5,0.4609761848620608,0.4380321665089877,0.4380321665089877,0.8,"(0, 1, 0, 1, 0, 0, 1, 0, 0, 1, 0, 1, 1, 1, 0, 0, 0, 1, 0, 0, 0, 0, 0, 0, 1, 0, 1, 0, 0, 0)"
bentTrio1,5,0.4609761848620608,0.4380321665089877,0.4380321665089877,0.8,"(0, 1, 0, 1, 0, 0, 1, 0, 0, 1, 0, 1, 1, 1, 0, 0, 0, 1, 0, 0, 0, 0, 0, 0, 1, 0, 1, 0, 0, 0)"
bentTrio1,5,0.4609761848620608,0.4380321665089877,0.4380321665089877,0.8,"(0, 1, 0, 1, 0, 0, 1, 0, 0, 1, 0, 1, 1, 1, 0, 0, 0, 1, 0, 0, 0, 0, 0, 0, 1, 0, 1, 0, 0, 0)"
bentTrio1,5,0.4609761848620608,0.4380321665089877,0.4380321665089877,0.8,"(0, 1, 0, 1, 0, 0, 1, 0, 0, 1, 0, 1, 1, 1, 0, 0, 0, 1, 0, 0, 0, 0, 0, 0, 1, 0, 1, 0, 0, 0)"
bentTrio1,5,0.4609761848620608,0.4380321665089877,0.4380321665089877,0.8,"(0, 0, 0, 1, 0, 0, 0, 0, 0, 1, 0, 0, 0, 1, 1, 0, 0, 1, 0, 0, 0, 0, 0, 0, 1, 0, 1, 0, 0, 0)"
bentTrio1,5,0.4609761848620608,0.4380321665089877,0.4380321665089877,0.8,"(0, 0, 0, 1, 0, 0, 0, 0, 0, 1, 0, 0, 0, 1, 1, 0, 0, 1, 0, 0, 0, 0, 0, 0, 1, 0, 1, 0, 0, 0)"
bentTrio21,6,0.45778301886792455,0.4544811320754717,0.46117424242424243,0.8,"(1, 1, 1, 1, 1, 0, 1, 1, 1, 1, 0, 1, 1, 1, 1, 1, 1, 1, 1, 1, 0, 1, 0, 1, 1, 1, 1, 1, 1, 1, 0, 0, 0, 0, 1, 0, 0, 0, 0, 1, 0, 0)"
bentTrio21,6,0.4544811320754717,0.44952830188679244,0.4621212121212121,0.8,"(1, 1, 1, 1, 1, 0, 1, 1, 1, 1, 0, 1, 1, 1, 1, 1, 1, 1, 1, 1, 1, 1, 0, 1, 0, 1, 1, 1, 1, 1, 0, 0, 0, 0, 1, 1, 0, 0, 0, 1, 0, 0)"
bentTrio21,6,0.46367924528301885,0.44693396226415094,0.45738636363636365,0.8,"(1, 1, 1, 1, 1, 0, 1, 1, 1, 1, 0, 1, 1, 1, 1, 1, 1, 1, 1, 1, 1, 1, 0, 1, 0, 1, 1, 1, 1, 1, 0, 1, 0, 0, 1, 1, 0, 0, 0, 1, 0, 0)"
bentTrio21,6,0.4544811320754717,0.44504716981132075,0.4621212121212121,0.8,"(1, 1, 1, 1, 1, 0, 1, 1, 1, 1, 0, 1, 1, 1, 1, 1, 1, 1, 1, 1, 1, 1, 0, 1, 0, 1, 1, 1, 1, 1, 0, 0, 0, 0, 1, 1, 0, 0, 0, 1, 0, 0)"
bentTrio21,6,0.44504716981132075,0.44504716981132075,0.4706439393939394,0.8,"(1, 1, 1, 1, 1, 0, 1, 1, 1, 1, 0, 1, 1, 1, 1, 1, 1, 1, 1, 1, 1, 1, 0, 1, 0, 1, 1, 1, 1, 1, 0, 0, 0, 1, 0, 1, 0, 0, 0, 1, 0, 0)"
bentTrio21,6,0.44504716981132075,0.44504716981132075,0.4706439393939394,0.8,"(1, 1, 1, 1, 1, 0, 1, 1, 1, 1, 0, 1, 1, 1, 1, 1, 1, 1, 1, 1, 1, 1, 0, 1, 0, 1, 1, 1, 1, 1, 0, 0, 0, 1, 0, 1, 0, 0, 0, 1, 0, 0)"
bentTrio21,6,0.4672169811320755,0.44504716981132075,0.45549242424242425,0.8,"(1, 0, 1, 0, 0, 1, 0, 1, 1, 0, 0, 0, 0, 1, 0, 1, 1, 1, 1, 1, 0, 0, 1, 0, 0, 0, 1, 0, 0, 1, 1, 0, 0, 1, 1, 1, 1, 1, 1, 1, 1, 0)"
bentTrio21,6,0.44268867924528305,0.44268867924528305,0.4640151515151515,0.8,"(1, 1, 1, 1, 1, 0, 1, 1, 1, 1, 0, 1, 1, 1, 1, 1, 1, 1, 0, 1, 1, 1, 0, 1, 0, 1, 1, 1, 1, 1, 0, 0, 0, 1, 0, 1, 0, 0, 0, 0, 0, 0)"
bentTrio21,6,0.44268867924528305,0.44268867924528305,0.4640151515151515,0.8,"(1, 1, 1, 1, 1, 0, 1, 1, 1, 1, 0, 1, 1, 1, 1, 1, 1, 1, 0, 1, 1, 1, 0, 1, 0, 1, 1, 1, 1, 1, 0, 0, 0, 1, 0, 1, 0, 0, 0, 0, 0, 0)"
bentTrio21,6,0.4563679245283019,0.44268867924528305,0.45265151515151514,0.8,"(1, 1, 1, 1, 1, 0, 1, 1, 1, 1, 0, 1, 1, 1, 1, 1, 1, 1, 0, 1, 1, 1, 0, 1, 0, 1, 1, 1, 1, 1, 0, 1, 0, 1, 0, 1, 0, 0, 0, 0, 0, 0)"
bentTrio21,6,0.4349056603773585,0.4349056603773585,0.4583333333333333,0.8,"(1, 1, 1, 1, 1, 0, 1, 1, 1, 1, 0, 1, 1, 1, 1, 1, 1, 1, 0, 1, 1, 1, 0, 1, 0, 1, 1, 1, 1, 1, 1, 0, 0, 0, 0, 1, 0, 0, 0, 0, 0, 0)"
bentTrio21,6,0.4349056603773585,0.4349056603773585,0.4583333333333333,0.8,"(1, 1, 1, 1, 1, 0, 1, 1, 1, 1, 0, 1, 1, 1, 1, 1, 1, 1, 0, 1, 1, 1, 0, 1, 0, 1, 1, 1, 1, 1, 1, 0, 0, 0, 0, 1, 0, 0, 0, 0, 0, 0)"
bentTrio21,6,0.4349056603773585,0.4349056603773585,0.4583333333333333,0.8,"(1, 1, 1, 1, 1, 0, 1, 1, 1, 1, 0, 1, 1, 1, 1, 1, 1, 1, 0, 1, 1, 1, 0, 1, 0, 1, 1, 1, 1, 1, 1, 0, 0, 0, 0, 1, 0, 0, 0, 0, 0, 0)"
bentTrio21,6,0.4349056603773585,0.4349056603773585,0.4583333333333333,0.8,"(1, 1, 1, 1, 1, 0, 1, 1, 1, 1, 0, 1, 1, 1, 1, 1, 1, 1, 0, 1, 1, 1, 0, 1, 0, 1, 1, 1, 1, 1, 1, 0, 0, 0, 0, 1, 0, 0, 0, 0, 0, 0)"
bentTrio21,6,0.4349056603773585,0.4349056603773585,0.4583333333333333,0.8,"(1, 1, 1, 1, 1, 0, 1, 1, 1, 1, 0, 1, 1, 1, 1, 1, 1, 1, 0, 1, 1, 1, 0, 1, 0, 1, 1, 1, 1, 1, 1, 0, 0, 0, 0, 1, 0, 0, 0, 0, 0, 0)"
bentTrio21,6,0.4349056603773585,0.4349056603773585,0.4583333333333333,0.8,"(1, 1, 1, 1, 1, 0, 1, 1, 1, 1, 0, 1, 1, 1, 1, 1, 1, 1, 0, 1, 1, 1, 0, 1, 0, 1, 1, 1, 1, 1, 1, 0, 0, 0, 0, 1, 0, 0, 0, 0, 0, 0)"
bentTrio1,7,0.46709129511677283,0.457655107336636,0.47393364928909953,0.8,"(1, 0, 0, 1, 0, 0, 1, 0, 0, 1, 1, 0, 1, 1, 0, 0, 1, 0, 0, 0, 1, 0, 1, 1, 1, 0, 0, 1, 1, 1, 1, 0, 0, 1, 1, 0, 1, 1, 0, 1, 1, 1, 0, 1, 1, 0, 1, 1, 0, 0, 0, 1, 1, 0, 1, 1)"
bentTrio1,7,0.4567114885586223,0.4567114885586223,0.47014218009478675,0.8,"(0, 1, 1, 0, 1, 0, 1, 1, 1, 0, 0, 0, 0, 0, 0, 0, 1, 0, 1, 1, 1, 0, 0, 0, 0, 1, 1, 0, 0, 0, 0, 0, 0, 0, 0, 1, 1, 1, 0, 0, 1, 0, 1, 1, 1, 0, 0, 0, 0, 1, 0, 1, 0, 1, 0, 0)"
bentTrio1,7,0.4567114885586223,0.4567114885586223,0.47014218009478675,0.8,"(0, 1, 1, 0, 1, 0, 1, 1, 1, 0, 0, 0, 0, 0, 0, 0, 1, 0, 1, 1, 1, 0, 0, 0, 0, 1, 1, 0, 0, 0, 0, 0, 0, 0, 0, 1, 1, 1, 0, 0, 1, 0, 1, 1, 1, 0, 0, 0, 0, 1, 0, 1, 0, 1, 0, 0)"
bentTrio1,7,0.4706298655343241,0.4567114885586223,0.45118483412322274,0.8,"(0, 1, 1, 0, 1, 0, 1, 1, 1, 0, 0, 0, 0, 0, 0, 0, 1, 0, 1, 0, 1, 0, 0, 0, 0, 1, 1, 0, 0, 0, 0, 0, 0, 0, 0, 1, 1, 1, 0, 0, 1, 0, 1, 1, 1, 0, 0, 0, 0, 1, 0, 1, 0, 1, 0, 0)"
bentTrio1,7,0.4562396791696155,0.4562396791696155,0.45213270142180095,0.8,"(0, 1, 0, 0, 0, 0, 1, 0, 1, 0, 0, 0, 1, 1, 1, 0, 1, 1, 0, 0, 0, 0, 1, 0, 1, 0, 1, 1, 0, 1, 0, 1, 0, 0, 1, 1, 0, 1, 1, 0, 1, 0, 1, 1, 1, 0, 0, 0, 0, 0, 0, 0, 1, 0, 1, 0)"
bentTrio1,7,0.4562396791696155,0.45010615711252655,0.45213270142180095,0.8,"(0, 1, 0, 0, 0, 0, 1, 0, 1, 0, 0, 0, 1, 1, 1, 0, 1, 1, 0, 0, 0, 0, 1, 0, 1, 0, 1, 1, 0, 1, 0, 1, 0, 0, 1, 1, 0, 1, 1, 0, 1, 0, 1, 1, 1, 0, 0, 0, 0, 0, 0, 0, 1, 0, 1, 0)"
bentTrio1,7,0.4451521585279547,0.4451521585279547,0.44075829383886256,0.8,"(0, 0, 1, 0, 0, 1, 0, 0, 1, 0, 1, 0, 1, 1, 0, 1, 0, 0, 1, 1, 0, 0, 0, 0, 1, 1, 0, 1, 0, 0, 1, 0, 0, 1, 0, 0, 1, 1, 0, 1, 1, 1, 0, 0, 0, 0, 0, 1, 0, 0, 0, 1, 0, 0, 1, 0)"
bentTrio1,7,0.4451521585279547,0.444208539749941,0.44075829383886256,0.8,"(0, 0, 1, 0, 0, 1, 0, 0, 1, 0, 1, 0, 1, 1, 0, 1, 0, 0, 1, 1, 0, 0, 0, 0, 1, 1, 0, 1, 0, 0, 1, 0, 0, 1, 0, 0, 1, 1, 0, 1, 1, 1, 0, 0, 0, 0, 0, 1, 0, 0, 0, 1, 0, 0, 1, 0)"
bentTrio1,7,0.4451521585279547,0.4413776834159,0.44075829383886256,0.8,"(0, 0, 1, 0, 0, 1, 0, 0, 1, 0, 1, 0, 1, 1, 0, 1, 0, 0, 1, 1, 0, 0, 0, 0, 1, 1, 0, 1, 0, 0, 1, 0, 0, 1, 0, 0, 1, 1, 0, 1, 1, 1, 0, 0, 0, 0, 0, 1, 0, 0, 0, 1, 0, 0, 1, 0)"
bentTrio1,7,0.4413776834159,0.43571597074781787,0.45023696682464454,0.8,"(0, 0, 1, 0, 0, 1, 0, 0, 1, 0, 1, 1, 1, 1, 0, 1, 0, 0, 0, 1, 0, 0, 0, 0, 1, 1, 0, 1, 0, 0, 1, 0, 0, 1, 0, 0, 1, 1, 0, 0, 1, 1, 0, 0, 0, 0, 0, 1, 0, 0, 0, 1, 0, 0, 1, 0)"
bentTrio1,7,0.43500825666430765,0.43500825666430765,0.45781990521327015,0.8,"(0, 0, 1, 0, 0, 1, 0, 0, 1, 0, 1, 1, 1, 1, 0, 0, 0, 0, 0, 1, 1, 0, 0, 0, 1, 1, 0, 1, 0, 0, 1, 0, 0, 1, 0, 0, 1, 1, 0, 0, 0, 0, 0, 0, 0, 0, 0, 1, 0, 0, 0, 0, 0, 0, 1, 0)"
bentTrio1,7,0.43500825666430765,0.43500825666430765,0.45781990521327015,0.8,"(0, 0, 1, 0, 0, 1, 0, 0, 1, 0, 1, 1, 1, 1, 0, 0, 0, 0, 0, 1, 1, 0, 0, 0, 1, 1, 0, 1, 0, 0, 1, 0, 0, 1, 0, 0, 1, 1, 0, 0, 0, 0, 0, 0, 0, 0, 0, 1, 0, 0, 0, 0, 0, 0, 1, 0)"
bentTrio21,8,0.46696554978763566,0.46224634261444075,0.47343453510436434,0.8,"(1, 0, 0, 1, 0, 1, 1, 1, 1, 1, 0, 0, 1, 1, 0, 1, 1, 0, 1, 0, 1, 1, 1, 0, 1, 0, 0, 0, 0, 1, 0, 1, 0, 1, 1, 0, 0, 1, 1, 1, 1, 1, 0, 1, 1, 0, 0, 1, 0, 0, 1, 0, 1, 0, 1, 0, 0, 1, 0, 0, 1, 1, 0, 0, 1, 0, 1, 1, 1, 1, 1, 0)"
bentTrio21,8,0.46319018404907975,0.45587541293062767,0.476280834914611,0.8,"(1, 0, 0, 1, 0, 1, 1, 0, 1, 1, 0, 0, 1, 1, 0, 1, 1, 0, 1, 0, 1, 1, 1, 1, 1, 0, 0, 0, 0, 1, 0, 1, 0, 1, 1, 0, 0, 1, 1, 1, 1, 1, 0, 1, 1, 0, 0, 1, 0, 0, 1, 0, 1, 0, 1, 0, 0, 1, 0, 0, 1, 1, 0, 0, 1, 0, 1, 1, 1, 1, 1, 0)"
bentTrio21,8,0.45587541293062767,0.45587541293062767,0.4838709677419355,0.8,"(1, 0, 0, 1, 0, 0, 1, 0, 1, 1, 0, 0, 1, 1, 0, 1, 1, 0, 1, 0, 1, 0, 1, 1, 1, 0, 0, 0, 0, 1, 0, 1, 0, 1, 1, 0, 0, 1, 1, 1, 1, 1, 0, 1, 1, 0, 0, 1, 0, 0, 1, 0, 1, 0, 1, 0, 0, 1, 0, 0, 1, 1, 0, 0, 1, 0, 1, 1, 1, 1, 1, 0)"
bentTrio21,8,0.4556394525719679,0.4539877300613497,0.4791271347248577,0.8,"(1, 0, 0, 1, 0, 0, 1, 0, 1, 1, 0, 0, 1, 1, 0, 1, 1, 0, 1, 0, 1, 0, 1, 1, 1, 0, 0, 0, 0, 1, 0, 1, 0, 1, 1, 0, 0, 1, 1, 1, 1, 1, 0, 1, 1, 0, 0, 1, 0, 0, 1, 0, 1, 0, 0, 0, 0, 1, 0, 0, 1, 1, 0, 0, 1, 0, 1, 1, 1, 1, 1, 0)"
bentTrio21,8,0.4539877300613497,0.4539877300613497,0.4952561669829222,0.8,"(1, 0, 0, 1, 0, 0, 0, 0, 1, 1, 0, 0, 1, 1, 0, 1, 1, 0, 1, 0, 1, 0, 1, 1, 1, 0, 0, 0, 0, 1, 0, 1, 0, 1, 1, 0, 0, 1, 1, 1, 1, 1, 0, 1, 1, 0, 0, 1, 0, 0, 1, 0, 1, 0, 1, 0, 0, 1, 0, 0, 1, 1, 0, 0, 1, 0, 1, 1, 1, 1, 1, 0)"
bentTrio21,8,0.4539877300613497,0.4539877300613497,0.4952561669829222,0.8,"(1, 0, 0, 1, 0, 0, 0, 0, 1, 1, 0, 0, 1, 1, 0, 1, 1, 0, 1, 0, 1, 0, 1, 1, 1, 0, 0, 0, 0, 1, 0, 1, 0, 1, 1, 0, 0, 1, 1, 1, 1, 1, 0, 1, 1, 0, 0, 1, 0, 0, 1, 0, 1, 0, 1, 0, 0, 1, 0, 0, 1, 1, 0, 0, 1, 0, 1, 1, 1, 1, 1, 0)"
bentTrio21,8,0.4539877300613497,0.4539877300613497,0.4952561669829222,0.8,"(1, 0, 0, 1, 0, 0, 0, 0, 1, 1, 0, 0, 1, 1, 0, 1, 1, 0, 1, 0, 1, 0, 1, 1, 1, 0, 0, 0, 0, 1, 0, 1, 0, 1, 1, 0, 0, 1, 1, 1, 1, 1, 0, 1, 1, 0, 0, 1, 0, 0, 1, 0, 1, 0, 1, 0, 0, 1, 0, 0, 1, 1, 0, 0, 1, 0, 1, 1, 1, 1, 1, 0)"
bentTrio21,8,0.4653138272770175,0.44974044360547427,0.4629981024667932,0.8,"(1, 0, 1, 1, 1, 1, 0, 0, 0, 1, 1, 1, 0, 1, 0, 0, 0, 1, 0, 0, 0, 0, 1, 0, 1, 1, 0, 0, 1, 0, 0, 0, 0, 0, 0, 0, 1, 0, 1, 0, 1, 1, 1, 0, 1, 0, 1, 0, 0, 1, 1, 0, 0, 0, 1, 0, 1, 1, 1, 0, 1, 1, 1, 0, 0, 0, 0, 0, 1, 0, 0, 0)"
bentTrio21,8,0.44974044360547427,0.44974044360547427,0.48861480075901326,0.8,"(1, 0, 0, 1, 0, 0, 0, 0, 1, 1, 0, 0, 1, 1, 0, 1, 1, 0, 1, 0, 1, 0, 1, 1, 1, 0, 0, 0, 0, 1, 0, 1, 0, 1, 1, 0, 0, 1, 1, 1, 1, 1, 0, 1, 1, 0, 0, 1, 0, 0, 1, 0, 1, 0, 1, 0, 0, 1, 0, 1, 1, 1, 0, 1, 1, 0, 1, 1, 1, 1, 1, 0)"
bentTrio21,8,0.44974044360547427,0.44974044360547427,0.48861480075901326,0.8,"(1, 0, 0, 1, 0, 0, 0, 0, 1, 1, 0, 0, 1, 1, 0, 1, 1, 0, 1, 0, 1, 0, 1, 1, 1, 0, 0, 0, 0, 1, 0, 1, 0, 1, 1, 0, 0, 1, 1, 1, 1, 1, 0, 1, 1, 0, 0, 1, 0, 0, 1, 0, 1, 0, 1, 0, 0, 1, 0, 1, 1, 1, 0, 1, 1, 0, 1, 1, 1, 1, 1, 0)"
bentTrio21,8,0.46319018404907975,0.44974044360547427,0.47438330170777987,0.8,"(1, 0, 1, 1, 0, 0, 0, 1, 0, 0, 1, 0, 0, 0, 0, 1, 1, 1, 1, 1, 1, 1, 0, 1, 1, 0, 0, 0, 1, 1, 1, 1, 0, 1, 0, 1, 1, 1, 0, 0, 1, 1, 0, 1, 1, 1, 1, 0, 0, 0, 0, 0, 0, 0, 1, 0, 1, 0, 1, 1, 1, 0, 0, 1, 0, 0, 0, 1, 0, 1, 0, 1)"
bentTrio21,8,0.44974044360547427,0.44974044360547427,0.48861480075901326,0.8,"(1, 0, 0, 1, 0, 0, 0, 0, 1, 1, 0, 0, 1, 1, 0, 1, 1, 0, 1, 0, 1, 0, 1, 1, 1, 0, 0, 0, 0, 1, 0, 1, 0, 1, 1, 0, 0, 1, 1, 1, 1, 1, 0, 1, 1, 0, 0, 1, 0, 0, 1, 0, 1, 0, 1, 0, 0, 1, 0, 1, 1, 1, 0, 1, 1, 0, 1, 1, 1, 1, 1, 0)"
bentTrio21,8,0.44974044360547427,0.44974044360547427,0.48861480075901326,0.8,"(1, 0, 0, 1, 0, 0, 0, 0, 1, 1, 0, 0, 1, 1, 0, 1, 1, 0, 1, 0, 1, 0, 1, 1, 1, 0, 0, 0, 0, 1, 0, 1, 0, 1, 1, 0, 0, 1, 1, 1, 1, 1, 0, 1, 1, 0, 0, 1, 0, 0, 1, 0, 1, 0, 1, 0, 0, 1, 0, 1, 1, 1, 0, 1, 1, 0, 1, 1, 1, 1, 1, 0)"
bentTrio21,8,0.465785747994337,0.44974044360547427,0.47438330170777987,0.8,"(1, 0, 0, 1, 0, 0, 0, 0, 1, 1, 0, 0, 1, 1, 0, 1, 1, 0, 1, 0, 1, 0, 1, 1, 1, 0, 0, 0, 0, 1, 0, 1, 0, 1, 1, 0, 0, 1, 1, 1, 1, 1, 0, 1, 1, 0, 1, 1, 0, 0, 1, 0, 1, 0, 1, 0, 0, 1, 0, 1, 1, 1, 0, 1, 1, 0, 1, 1, 1, 1, 1, 0)"
bentTrio21,8,0.44974044360547427,0.44974044360547427,0.48861480075901326,0.8,"(1, 0, 0, 1, 0, 0, 0, 0, 1, 1, 0, 0, 1, 1, 0, 1, 1, 0, 1, 0, 1, 0, 1, 1, 1, 0, 0, 0, 0, 1, 0, 1, 0, 1, 1, 0, 0, 1, 1, 1, 1, 1, 0, 1, 1, 0, 0, 1, 0, 0, 1, 0, 1, 0, 1, 0, 0, 1, 0, 1, 1, 1, 0, 1, 1, 0, 1, 1, 1, 1, 1, 0)"
bentTrio21,8,0.46932515337423314,0.44974044360547427,0.46774193548387094,0.8,"(0, 1, 0, 0, 0, 0, 1, 1, 1, 1, 0, 1, 0, 0, 1, 1, 1, 0, 0, 0, 0, 1, 1, 0, 1, 0, 0, 1, 0, 0, 1, 0, 0, 1, 1, 1, 1, 0, 0, 1, 0, 1, 1, 0, 1, 0, 0, 1, 1, 1, 0, 1, 0, 0, 0, 1, 1, 0, 0, 0, 1, 1, 0, 0, 0, 0, 0, 0, 1, 0, 0, 0)"
bentTrio21,8,0.4613025011798018,0.44974044360547427,0.4658444022770398,0.8,"(1, 0, 0, 1, 0, 0, 0, 0, 1, 1, 0, 0, 1, 1, 0, 1, 1, 0, 1, 0, 1, 0, 1, 1, 1, 0, 0, 0, 0, 1, 0, 1, 0, 1, 1, 0, 0, 1, 1, 1, 1, 1, 0, 1, 1, 0, 0, 1, 0, 0, 1, 0, 1, 1, 0, 0, 0, 1, 0, 1, 1, 1, 0, 1, 1, 0, 1, 1, 1, 1, 1, 0)"
bentTrio21,8,0.45941481831052383,0.4495044832468145,0.4629981024667932,0.8,"(1, 0, 0, 1, 0, 1, 0, 0, 1, 1, 0, 0, 1, 1, 0, 1, 1, 0, 1, 0, 1, 0, 1, 1, 1, 0, 0, 0, 0, 1, 0, 1, 0, 1, 1, 0, 0, 1, 1, 1, 1, 1, 0, 1, 1, 0, 0, 1, 1, 0, 1, 0, 1, 0, 0, 0, 0, 1, 0, 1, 1, 1, 0, 1, 1, 0, 1, 1, 1, 1, 1, 0)"
bentTrio21,8,0.4495044832468145,0.4495044832468145,0.4857685009487666,0.8,"(1, 0, 0, 1, 0, 0, 0, 0, 1, 1, 0, 0, 1, 1, 0, 1, 1, 0, 1, 0, 1, 0, 1, 1, 1, 0, 0, 0, 0, 1, 0, 1, 0, 1, 1, 0, 0, 1, 1, 1, 1, 1, 0, 1, 1, 0, 0, 1, 1, 0, 1, 0, 1, 1, 1, 0, 0, 1, 0, 1, 1, 1, 0, 1, 1, 0, 1, 1, 1, 1, 1, 0)"
bentTrio21,8,0.4495044832468145,0.4495044832468145,0.4857685009487666,0.8,"(1, 0, 0, 1, 0, 0, 0, 0, 1, 1, 0, 0, 1, 1, 0, 1, 1, 0, 1, 0, 1, 0, 1, 1, 1, 0, 0, 0, 0, 1, 0, 1, 0, 1, 1, 0, 0, 1, 1, 1, 1, 1, 0, 1, 1, 0, 0, 1, 1, 0, 1, 0, 1, 1, 1, 0, 0, 1, 0, 1, 1, 1, 0, 1, 1, 0, 1, 1, 1, 1, 1, 0)"
bentTrio21,8,0.4587069372345446,0.4495044832468145,0.4686907020872865,0.8,"(0, 1, 0, 1, 0, 0, 1, 1, 1, 0, 1, 0, 0, 0, 1, 1, 1, 1, 1, 0, 0, 0, 0, 1, 0, 0, 1, 1, 0, 1, 1, 1, 0, 0, 1, 0, 0, 1, 1, 1, 1, 0, 0, 0, 0, 0, 0, 0, 1, 1, 1, 1, 0, 0, 0, 0, 0, 1, 0, 0, 0, 1, 1, 1, 0, 0, 1, 0, 0, 0, 0, 1)"
bentTrio21,8,0.4495044832468145,0.4495044832468145,0.4857685009487666,0.8,"(1, 0, 0, 1, 0, 0, 0, 0, 1, 1, 0, 0, 1, 1, 0, 1, 1, 0, 1, 0, 1, 0, 1, 1, 1, 0, 0, 0, 0, 1, 0, 1, 0, 1, 1, 0, 0, 1, 1, 1, 1, 1, 0, 1, 1, 0, 0, 1, 1, 0, 1, 0, 1, 1, 1, 0, 0, 1, 0, 1, 1, 1, 0, 1, 1, 0, 1, 1, 1, 1, 1, 0)"
bentTrio21,8,0.4572911750825861,0.4495044832468145,0.4781783681214421,0.8,"(1, 0, 0, 1, 0, 0, 1, 0, 1, 1, 0, 0, 1, 1, 0, 1, 1, 0, 1, 0, 1, 0, 1, 1, 1, 0, 0, 0, 0, 1, 0, 1, 0, 1, 1, 0, 0, 1, 1, 1, 1, 1, 0, 1, 1, 0, 0, 1, 1, 0, 1, 0, 1, 1, 1, 0, 0, 1, 0, 1, 1, 1, 0, 1, 1, 0, 1, 1, 1, 1, 1, 0)"
bentTrio21,8,0.4495044832468145,0.4495044832468145,0.4857685009487666,0.8,"(1, 0, 0, 1, 0, 0, 0, 0, 1, 1, 0, 0, 1, 1, 0, 1, 1, 0, 1, 0, 1, 0, 1, 1, 1, 0, 0, 0, 0, 1, 0, 1, 0, 1, 1, 0, 0, 1, 1, 1, 1, 1, 0, 1, 1, 0, 0, 1, 1, 0, 1, 0, 1, 1, 1, 0, 0, 1, 0, 1, 1, 1, 0, 1, 1, 0, 1, 1, 1, 1, 1, 0)"
bentTrio21,8,0.4598867390278433,0.4495044832468145,0.45540796963946867,0.8,"(0, 0, 1, 1, 1, 0, 1, 0, 1, 0, 0, 1, 0, 0, 1, 1, 0, 0, 0, 1, 1, 0, 1, 0, 1, 1, 0, 1, 1, 1, 0, 0, 1, 1, 1, 1, 0, 1, 0, 0, 1, 0, 0, 0, 0, 0, 0, 1, 0, 0, 1, 1, 0, 0, 1, 0, 1, 0, 1, 1, 0, 0, 1, 0, 1, 0, 0, 1, 0, 0, 1, 0)"
bentTrio21,8,0.4495044832468145,0.4495044832468145,0.4857685009487666,0.8,"(1, 0, 0, 1, 0, 0, 0, 0, 1, 1, 0, 0, 1, 1, 0, 1, 1, 0, 1, 0, 1, 0, 1, 1, 1, 0, 0, 0, 0, 1, 0, 1, 0, 1, 1, 0, 0, 1, 1, 1, 1, 1, 0, 1, 1, 0, 0, 1, 1, 0, 1, 0, 1, 1, 1, 0, 0, 1, 0, 1, 1, 1, 0, 1, 1, 0, 1, 1, 1, 1, 1, 0)"
bentTrio21,8,0.4495044832468145,0.4495044832468145,0.4857685009487666,0.8,"(1, 0, 0, 1, 0, 0, 0, 0, 1, 1, 0, 0, 1, 1, 0, 1, 1, 0, 1, 0, 1, 0, 1, 1, 1, 0, 0, 0, 0, 1, 0, 1, 0, 1, 1, 0, 0, 1, 1, 1, 1, 1, 0, 1, 1, 0, 0, 1, 1, 0, 1, 0, 1, 1, 1, 0, 0, 1, 0, 1, 1, 1, 0, 1, 1, 0, 1, 1, 1, 1, 1, 0)"
bentTrio21,8,0.46295422369042,0.4495044832468145,0.47058823529411764,0.8,"(1, 0, 0, 1, 0, 1, 0, 0, 1, 1, 0, 0, 1, 1, 1, 1, 1, 0, 1, 1, 1, 0, 1, 1, 1, 0, 0, 0, 0, 1, 0, 1, 1, 1, 1, 0, 0, 1, 1, 1, 1, 1, 0, 1, 1, 0, 0, 1, 1, 0, 1, 0, 1, 1, 1, 0, 0, 1, 0, 1, 1, 1, 0, 1, 1, 0, 1, 1, 1, 1, 1, 0)"
